COMUNA;COMUNA CODE (PRE 1999);COMUNA CODE (2000-2008);COMUNA CODE (2008-2010);COMUNA CODE (2010-);REGION CODE (2000-2008);REGION CODE (2008-);HEALTH SERVICE (PRE 2007);HEALTH SERVICE (2008-);PROVINCE CODE (2000-2008);PROVINCE CODE (2008-2010);PROVINCE CODE (2010-);PROVINCE NAME (2000-2008);PROVINCE NAME (2008-2010);PROVINCE NAME (2010-);NAME REGION (2000-2008);NAME REGION (2008-);NAME HEALTH SERVICE (PRE 2007);NAME HEALTH SERVICE (2008-);
Arica;201;1201;15101;15101;1;15;1;1;12;151;151;Arica  ;Arica  ;Arica  ;De Tarapacá;De Arica y Parinacota;Arica;Arica;
Camarones;202;1202;15102;15102;1;15;1;1;12;151;151;Arica  ;Arica  ;Arica  ;De Tarapacá;De Arica y Parinacota;Arica;Arica;
Putre;205;1301;15201;15201;1;15;1;1;13;152;152;Parinacota;Parinacota;Parinacota;De Tarapacá;De Arica y Parinacota;Arica;Arica;
General Lagos;206;1302;15202;15202;1;15;1;1;13;152;152;Parinacota;Parinacota;Parinacota;De Tarapacá;De Arica y Parinacota;Arica;Arica;
Iquique;210;1101;1101;1101;1;1;2;2;11;11;11;Iquique  ;Iquique  ;Iquique  ;De Tarapacá;De Tarapacá;Iquique;Iquique;
Camiña;212;1102;1402;1402;1;1;2;2;11;14;14;Iquique  ;Tamarugal;Tamarugal;De Tarapacá;De Tarapacá;Iquique;Iquique;
Colchane;213;1103;1403;1403;1;1;2;2;11;14;14;Iquique  ;Tamarugal;Tamarugal;De Tarapacá;De Tarapacá;Iquique;Iquique;
Huara;211;1104;1404;1404;1;1;2;2;11;14;14;Iquique  ;Tamarugal;Tamarugal;De Tarapacá;De Tarapacá;Iquique;Iquique;
Pica;214;1105;1405;1405;1;1;2;2;11;14;14;Iquique  ;Tamarugal;Tamarugal;De Tarapacá;De Tarapacá;Iquique;Iquique;
Pozo Almonte;215;1106;1401;1401;1;1;2;2;11;14;14;Iquique  ;Tamarugal;Tamarugal;De Tarapacá;De Tarapacá;Iquique;Iquique;
Alto Hospicio;210;1107;1107;1107;1;1;2;2;11;11;11;Iquique  ;Iquique  ;Iquique  ;De Tarapacá;De Tarapacá;Iquique;Iquique;
Antofagasta;230;2101;2101;2101;2;2;3;3;21;21;21;Antofagasta;Antofagasta;Antofagasta;De Antofagasta;De Antofagasta;Antofagasta;Antofagasta;
Mejillones;231;2102;2102;2102;2;2;3;3;21;21;21;Antofagasta;Antofagasta;Antofagasta;De Antofagasta;De Antofagasta;Antofagasta;Antofagasta;
Sierra Gorda;232;2103;2103;2103;2;2;3;3;21;21;21;Antofagasta;Antofagasta;Antofagasta;De Antofagasta;De Antofagasta;Antofagasta;Antofagasta;
Taltal;233;2104;2104;2104;2;2;3;3;21;21;21;Antofagasta;Antofagasta;Antofagasta;De Antofagasta;De Antofagasta;Antofagasta;Antofagasta;
Calama;225;2201;2201;2201;2;2;3;3;22;22;22;El Loa;El Loa;El Loa;De Antofagasta;De Antofagasta;Antofagasta;Antofagasta;
Ollagüe;226;2202;2202;2202;2;2;3;3;22;22;22;El Loa;El Loa;El Loa;De Antofagasta;De Antofagasta;Antofagasta;Antofagasta;
San Pedro de Atacama;227;2203;2203;2203;2;2;3;3;22;22;22;El Loa;El Loa;El Loa;De Antofagasta;De Antofagasta;Antofagasta;Antofagasta;
Tocopilla;220;2301;2301;2301;2;2;3;3;23;23;23;Tocopilla  ;Tocopilla  ;Tocopilla  ;De Antofagasta;De Antofagasta;Antofagasta;Antofagasta;
María Elena;221;2302;2302;2302;2;2;3;3;23;23;23;Tocopilla  ;Tocopilla  ;Tocopilla  ;De Antofagasta;De Antofagasta;Antofagasta;Antofagasta;
Copiapó;240;3101;3101;3101;3;3;4;4;31;31;31;Copiapó  ;Copiapó  ;Copiapó  ;De Atacama;De Atacama;Atacama;Atacama;
Caldera;241;3102;3102;3102;3;3;4;4;31;31;31;Copiapó  ;Copiapó  ;Copiapó  ;De Atacama;De Atacama;Atacama;Atacama;
Tierra Amarilla;242;3103;3103;3103;3;3;4;4;31;31;31;Copiapó  ;Copiapó  ;Copiapó  ;De Atacama;De Atacama;Atacama;Atacama;
Chañaral;235;3201;3201;3201;3;3;4;4;32;32;32;Chañaral  ;Chañaral  ;Chañaral  ;De Atacama;De Atacama;Atacama;Atacama;
Diego de Almagro;236;3202;3202;3202;3;3;4;4;32;32;32;Chañaral  ;Chañaral  ;Chañaral  ;De Atacama;De Atacama;Atacama;Atacama;
Vallenar;245;3301;3301;3301;3;3;4;4;33;33;33;Huasco;Huasco;Huasco;De Atacama;De Atacama;Atacama;Atacama;
Alto del Carmen;248;3302;3302;3302;3;3;4;4;33;33;33;Huasco;Huasco;Huasco;De Atacama;De Atacama;Atacama;Atacama;
Freirina;246;3303;3303;3303;3;3;4;4;33;33;33;Huasco;Huasco;Huasco;De Atacama;De Atacama;Atacama;Atacama;
Huasco;247;3304;3304;3304;3;3;4;4;33;33;33;Huasco;Huasco;Huasco;De Atacama;De Atacama;Atacama;Atacama;
La Serena;250;4101;4101;4101;4;4;5;5;41;41;41;Elqui;Elqui;Elqui;De Coquimbo;De Coquimbo;Coquimbo;Coquimbo;
Coquimbo;252;4102;4102;4102;4;4;5;5;41;41;41;Elqui;Elqui;Elqui;De Coquimbo;De Coquimbo;Coquimbo;Coquimbo;
Andacollo;253;4103;4103;4103;4;4;5;5;41;41;41;Elqui;Elqui;Elqui;De Coquimbo;De Coquimbo;Coquimbo;Coquimbo;
La Higuera;251;4104;4104;4104;4;4;5;5;41;41;41;Elqui;Elqui;Elqui;De Coquimbo;De Coquimbo;Coquimbo;Coquimbo;
Paiguano;255;4105;4105;4105;4;4;5;5;41;41;41;Elqui;Elqui;Elqui;De Coquimbo;De Coquimbo;Coquimbo;Coquimbo;
Vicuña;254;4106;4106;4106;4;4;5;5;41;41;41;Elqui;Elqui;Elqui;De Coquimbo;De Coquimbo;Coquimbo;Coquimbo;
Illapel;270;4201;4201;4201;4;4;5;5;42;42;42;Choapa;Choapa;Choapa;De Coquimbo;De Coquimbo;Coquimbo;Coquimbo;
Canela;273;4202;4202;4202;4;4;5;5;42;42;42;Choapa;Choapa;Choapa;De Coquimbo;De Coquimbo;Coquimbo;Coquimbo;
Los Vilos;272;4203;4203;4203;4;4;5;5;42;42;42;Choapa;Choapa;Choapa;De Coquimbo;De Coquimbo;Coquimbo;Coquimbo;
Salamanca;271;4204;4204;4204;4;4;5;5;42;42;42;Choapa;Choapa;Choapa;De Coquimbo;De Coquimbo;Coquimbo;Coquimbo;
Ovalle;260;4301;4301;4301;4;4;5;5;43;43;43;Limari;Limari;Limari;De Coquimbo;De Coquimbo;Coquimbo;Coquimbo;
Combarbalá;263;4302;4302;4302;4;4;5;5;43;43;43;Limari;Limari;Limari;De Coquimbo;De Coquimbo;Coquimbo;Coquimbo;
Monte Patria;262;4303;4303;4303;4;4;5;5;43;43;43;Limari;Limari;Limari;De Coquimbo;De Coquimbo;Coquimbo;Coquimbo;
Punitaqui;264;4304;4304;4304;4;4;5;5;43;43;43;Limari;Limari;Limari;De Coquimbo;De Coquimbo;Coquimbo;Coquimbo;
Río Hurtado;261;4305;4305;4305;4;4;5;5;43;43;43;Limari;Limari;Limari;De Coquimbo;De Coquimbo;Coquimbo;Coquimbo;
Valparaíso;310;5101;5101;5101;5;5;6;6;51;51;51;Valparaíso  ;Valparaíso  ;Valparaíso  ;De Valparaíso;De Valparaíso;Valparaíso San Antonio;Valparaíso San Antonio;
Casablanca;316;5102;5102;5102;5;5;6;6;51;51;51;Valparaíso  ;Valparaíso  ;Valparaíso  ;De Valparaíso;De Valparaíso;Valparaíso San Antonio;Valparaíso San Antonio;
Concón;318;5103;5103;5103;5;5;7;7;51;51;51;Valparaíso  ;Valparaíso  ;Valparaíso  ;De Valparaíso;De Valparaíso;Viña Del Mar Quillota;Viña Del Mar Quillota;
Juan Fernández;317;5104;5104;5104;5;5;6;6;51;51;51;Valparaíso  ;Valparaíso  ;Valparaíso  ;De Valparaíso;De Valparaíso;Valparaíso San Antonio;Valparaíso San Antonio;
Puchuncaví;313;5105;5105;5105;5;5;7;7;51;51;51;Valparaíso  ;Valparaíso  ;Valparaíso  ;De Valparaíso;De Valparaíso;Viña del Mar Quillota;Viña del Mar Quillota;
Quilpué;314;5106;5106;5801;5;5;7;7;51;51;58;Valparaíso  ;Valparaíso  ;Marga Marga;De Valparaíso;De Valparaíso;Viña del Mar Quillota;Viña del Mar Quillota;
Quintero;312;5107;5107;5107;5;5;7;7;51;51;51;Valparaíso  ;Valparaíso  ;Valparaíso  ;De Valparaíso;De Valparaíso;Viña del Mar Quillota;Viña del Mar Quillota;
Villa Alemana;315;5108;5108;5804;5;5;7;7;51;51;58;Valparaíso  ;Valparaíso  ;Marga Marga;De Valparaíso;De Valparaíso;Viña del Mar Quillota;Viña del Mar Quillota;
Viña del Mar;311;5109;5109;5109;5;5;7;7;51;51;51;Valparaíso  ;Valparaíso  ;Valparaíso  ;De Valparaíso;De Valparaíso;Viña del Mar Quillota;Viña del Mar Quillota;
Isla  de Pascua;330;5201;5201;5201;5;5;6;12;52;52;52;Isla de Pascua  ;Isla de Pascua  ;Isla de Pascua  ;De Valparaíso;De Valparaíso;Valparaíso San Antonio;Metropolitano Oriente;
Los Andes;285;5301;5301;5301;5;5;8;8;53;53;53;Los Andes  ;Los Andes  ;Los Andes  ;De Valparaíso;De Valparaíso;Aconcagua;Aconcagua;
Calle Larga;287;5302;5302;5302;5;5;8;8;53;53;53;Los Andes  ;Los Andes  ;Los Andes  ;De Valparaíso;De Valparaíso;Aconcagua;Aconcagua;
Rinconada;288;5303;5303;5303;5;5;8;8;53;53;53;Los Andes  ;Los Andes  ;Los Andes  ;De Valparaíso;De Valparaíso;Aconcagua;Aconcagua;
San Esteban;286;5304;5304;5304;5;5;8;8;53;53;53;Los Andes  ;Los Andes  ;Los Andes  ;De Valparaíso;De Valparaíso;Aconcagua;Aconcagua;
La Ligua;275;5401;5401;5401;5;5;7;7;54;54;54;Petorca;Petorca;Petorca;De Valparaíso;De Valparaíso;Viña del Mar Quillota;Viña del Mar Quillota;
Cabildo;277;5402;5402;5402;5;5;7;7;54;54;54;Petorca;Petorca;Petorca;De Valparaíso;De Valparaíso;Viña del Mar Quillota;Viña del Mar Quillota;
Papudo;279;5403;5403;5403;5;5;7;7;54;54;54;Petorca;Petorca;Petorca;De Valparaíso;De Valparaíso;Viña del Mar Quillota;Viña del Mar Quillota;
Petorca;276;5404;5404;5404;5;5;7;7;54;54;54;Petorca;Petorca;Petorca;De Valparaíso;De Valparaíso;Viña del Mar Quillota;Viña del Mar Quillota;
Zapallar;278;5405;5405;5405;5;5;7;7;54;54;54;Petorca;Petorca;Petorca;De Valparaíso;De Valparaíso;Viña del Mar Quillota;Viña del Mar Quillota;
Quillota;300;5501;5501;5501;5;5;7;7;55;55;55;Quillota  ;Quillota  ;Quillota  ;De Valparaíso;De Valparaíso;Viña del Mar Quillota;Viña del Mar Quillota;
Calera;302;5502;5502;5502;5;5;7;7;55;55;55;Quillota  ;Quillota  ;Quillota  ;De Valparaíso;De Valparaíso;Viña del Mar Quillota;Viña del Mar Quillota;
Hijuelas;304;5503;5503;5503;5;5;7;7;55;55;55;Quillota  ;Quillota  ;Quillota  ;De Valparaíso;De Valparaíso;Viña del Mar Quillota;Viña del Mar Quillota;
La Cruz;301;5504;5504;5504;5;5;7;7;55;55;55;Quillota  ;Quillota  ;Quillota  ;De Valparaíso;De Valparaíso;Viña del Mar Quillota;Viña del Mar Quillota;
Limache;305;5505;5505;5802;5;5;7;7;55;55;58;Quillota  ;Quillota  ;Marga Marga;De Valparaíso;De Valparaíso;Viña del Mar Quillota;Viña del Mar Quillota;
Nogales;303;5506;5506;5506;5;5;7;7;55;55;55;Quillota  ;Quillota  ;Quillota  ;De Valparaíso;De Valparaíso;Viña del Mar Quillota;Viña del Mar Quillota;
Olmué;306;5507;5507;5803;5;5;7;7;55;55;58;Quillota  ;Quillota  ;Marga Marga;De Valparaíso;De Valparaíso;Viña del Mar Quillota;Viña del Mar Quillota;
San Antonio;320;5601;5601;5601;5;5;6;6;56;56;56;San Antonio  ;San Antonio  ;San Antonio  ;De Valparaíso;De Valparaíso;Valparaíso San Antonio;Valparaíso San Antonio;
Algarrobo;324;5602;5602;5602;5;5;6;6;56;56;56;San Antonio  ;San Antonio  ;San Antonio  ;De Valparaíso;De Valparaíso;Valparaíso San Antonio;Valparaíso San Antonio;
Cartagena;321;5603;5603;5603;5;5;6;6;56;56;56;San Antonio  ;San Antonio  ;San Antonio  ;De Valparaíso;De Valparaíso;Valparaíso San Antonio;Valparaíso San Antonio;
El Quisco;323;5604;5604;5604;5;5;6;6;56;56;56;San Antonio  ;San Antonio  ;San Antonio  ;De Valparaíso;De Valparaíso;Valparaíso San Antonio;Valparaíso San Antonio;
El Tabo;322;5605;5605;5605;5;5;6;6;56;56;56;San Antonio  ;San Antonio  ;San Antonio  ;De Valparaíso;De Valparaíso;Valparaíso San Antonio;Valparaíso San Antonio;
Santo Domingo;325;5606;5606;5606;5;5;6;6;56;56;56;San Antonio  ;San Antonio  ;San Antonio  ;De Valparaíso;De Valparaíso;Valparaíso San Antonio;Valparaíso San Antonio;
San Felipe;290;5701;5701;5701;5;5;8;8;57;57;57;San Felipe  ;San Felipe  ;San Felipe  ;De Valparaíso;De Valparaíso;Aconcagua;Aconcagua;
Catemu;295;5702;5702;5702;5;5;8;8;57;57;57;San Felipe  ;San Felipe  ;San Felipe  ;De Valparaíso;De Valparaíso;Aconcagua;Aconcagua;
Llaillay;294;5703;5703;5703;5;5;8;8;57;57;57;San Felipe  ;San Felipe  ;San Felipe  ;De Valparaíso;De Valparaíso;Aconcagua;Aconcagua;
Panquehue;293;5704;5704;5704;5;5;8;8;57;57;57;San Felipe  ;San Felipe  ;San Felipe  ;De Valparaíso;De Valparaíso;Aconcagua;Aconcagua;
Putaendo;291;5705;5705;5705;5;5;8;8;57;57;57;San Felipe  ;San Felipe  ;San Felipe  ;De Valparaíso;De Valparaíso;Aconcagua;Aconcagua;
Santa María;292;5706;5706;5706;5;5;8;8;57;57;57;San Felipe  ;San Felipe  ;San Felipe  ;De Valparaíso;De Valparaíso;Aconcagua;Aconcagua;
Rancagua;335;6101;6101;6101;6;6;15;15;61;61;61;Cachapoal;Cachapoal;Cachapoal;Del Libertador B. O'Higgins;Del Libertador B. O'Higgins;Libertador B. O'Higgins;Libertador B. O'Higgins;
Codegua;338;6102;6102;6102;6;6;15;15;61;61;61;Cachapoal;Cachapoal;Cachapoal;Del Libertador B. O'Higgins;Del Libertador B. O'Higgins;Libertador B. O'Higgins;Libertador B. O'Higgins;
Coinco;349;6103;6103;6103;6;6;15;15;61;61;61;Cachapoal;Cachapoal;Cachapoal;Del Libertador B. O'Higgins;Del Libertador B. O'Higgins;Libertador B. O'Higgins;Libertador B. O'Higgins;
Coltauco;348;6104;6104;6104;6;6;15;15;61;61;61;Cachapoal;Cachapoal;Cachapoal;Del Libertador B. O'Higgins;Del Libertador B. O'Higgins;Libertador B. O'Higgins;Libertador B. O'Higgins;
Doñihue;350;6105;6105;6105;6;6;15;15;61;61;61;Cachapoal;Cachapoal;Cachapoal;Del Libertador B. O'Higgins;Del Libertador B. O'Higgins;Libertador B. O'Higgins;Libertador B. O'Higgins;
Graneros;336;6106;6106;6106;6;6;15;15;61;61;61;Cachapoal;Cachapoal;Cachapoal;Del Libertador B. O'Higgins;Del Libertador B. O'Higgins;Libertador B. O'Higgins;Libertador B. O'Higgins;
Las Cabras;351;6107;6107;6107;6;6;15;15;61;61;61;Cachapoal;Cachapoal;Cachapoal;Del Libertador B. O'Higgins;Del Libertador B. O'Higgins;Libertador B. O'Higgins;Libertador B. O'Higgins;
Machalí;339;6108;6108;6108;6;6;15;15;61;61;61;Cachapoal;Cachapoal;Cachapoal;Del Libertador B. O'Higgins;Del Libertador B. O'Higgins;Libertador B. O'Higgins;Libertador B. O'Higgins;
Malloa;343;6109;6109;6109;6;6;15;15;61;61;61;Cachapoal;Cachapoal;Cachapoal;Del Libertador B. O'Higgins;Del Libertador B. O'Higgins;Libertador B. O'Higgins;Libertador B. O'Higgins;
Mostazal;337;6110;6110;6110;6;6;15;15;61;61;61;Cachapoal;Cachapoal;Cachapoal;Del Libertador B. O'Higgins;Del Libertador B. O'Higgins;Libertador B. O'Higgins;Libertador B. O'Higgins;
Olivar;340;6111;6111;6111;6;6;15;15;61;61;61;Cachapoal;Cachapoal;Cachapoal;Del Libertador B. O'Higgins;Del Libertador B. O'Higgins;Libertador B. O'Higgins;Libertador B. O'Higgins;
Peumo;347;6112;6112;6112;6;6;15;15;61;61;61;Cachapoal;Cachapoal;Cachapoal;Del Libertador B. O'Higgins;Del Libertador B. O'Higgins;Libertador B. O'Higgins;Libertador B. O'Higgins;
Pichidegua;346;6113;6113;6113;6;6;15;15;61;61;61;Cachapoal;Cachapoal;Cachapoal;Del Libertador B. O'Higgins;Del Libertador B. O'Higgins;Libertador B. O'Higgins;Libertador B. O'Higgins;
Quinta de Tilcoco;344;6114;6114;6114;6;6;15;15;61;61;61;Cachapoal;Cachapoal;Cachapoal;Del Libertador B. O'Higgins;Del Libertador B. O'Higgins;Libertador B. O'Higgins;Libertador B. O'Higgins;
Rengo;342;6115;6115;6115;6;6;15;15;61;61;61;Cachapoal;Cachapoal;Cachapoal;Del Libertador B. O'Higgins;Del Libertador B. O'Higgins;Libertador B. O'Higgins;Libertador B. O'Higgins;
Requínoa;341;6116;6116;6116;6;6;15;15;61;61;61;Cachapoal;Cachapoal;Cachapoal;Del Libertador B. O'Higgins;Del Libertador B. O'Higgins;Libertador B. O'Higgins;Libertador B. O'Higgins;
San Vicente;345;6117;6117;6117;6;6;15;15;61;61;61;Cachapoal;Cachapoal;Cachapoal;Del Libertador B. O'Higgins;Del Libertador B. O'Higgins;Libertador B. O'Higgins;Libertador B. O'Higgins;
Pichilemu;370;6201;6201;6201;6;6;15;15;62;62;62;Cardenal Caro;Cardenal Caro;Cardenal Caro;Del Libertador B. O'Higgins;Del Libertador B. O'Higgins;Libertador B. O'Higgins;Libertador B. O'Higgins;
La Estrella;373;6202;6202;6202;6;6;15;15;62;62;62;Cardenal Caro;Cardenal Caro;Cardenal Caro;Del Libertador B. O'Higgins;Del Libertador B. O'Higgins;Libertador B. O'Higgins;Libertador B. O'Higgins;
Litueche;372;6203;6203;6203;6;6;15;15;62;62;62;Cardenal Caro;Cardenal Caro;Cardenal Caro;Del Libertador B. O'Higgins;Del Libertador B. O'Higgins;Libertador B. O'Higgins;Libertador B. O'Higgins;
Marchihue;374;6204;6204;6204;6;6;15;15;62;62;62;Cardenal Caro;Cardenal Caro;Cardenal Caro;Del Libertador B. O'Higgins;Del Libertador B. O'Higgins;Libertador B. O'Higgins;Libertador B. O'Higgins;
Navidad;371;6205;6205;6205;6;6;15;15;62;62;62;Cardenal Caro;Cardenal Caro;Cardenal Caro;Del Libertador B. O'Higgins;Del Libertador B. O'Higgins;Libertador B. O'Higgins;Libertador B. O'Higgins;
Paredones;375;6206;6206;6206;6;6;15;15;62;62;62;Cardenal Caro;Cardenal Caro;Cardenal Caro;Del Libertador B. O'Higgins;Del Libertador B. O'Higgins;Libertador B. O'Higgins;Libertador B. O'Higgins;
San Fernando;355;6301;6301;6301;6;6;15;15;63;63;63;Colchagua;Colchagua;Colchagua;Del Libertador B. O'Higgins;Del Libertador B. O'Higgins;Libertador B. O'Higgins;Libertador B. O'Higgins;
Chépica;359;6302;6302;6302;6;6;15;15;63;63;63;Colchagua;Colchagua;Colchagua;Del Libertador B. O'Higgins;Del Libertador B. O'Higgins;Libertador B. O'Higgins;Libertador B. O'Higgins;
Chimbarongo;356;6303;6303;6303;6;6;15;15;63;63;63;Colchagua;Colchagua;Colchagua;Del Libertador B. O'Higgins;Del Libertador B. O'Higgins;Libertador B. O'Higgins;Libertador B. O'Higgins;
Lolol;361;6304;6304;6304;6;6;15;15;63;63;63;Colchagua;Colchagua;Colchagua;Del Libertador B. O'Higgins;Del Libertador B. O'Higgins;Libertador B. O'Higgins;Libertador B. O'Higgins;
Nancagua;358;6305;6305;6305;6;6;15;15;63;63;63;Colchagua;Colchagua;Colchagua;Del Libertador B. O'Higgins;Del Libertador B. O'Higgins;Libertador B. O'Higgins;Libertador B. O'Higgins;
Palmilla;363;6306;6306;6306;6;6;15;15;63;63;63;Colchagua;Colchagua;Colchagua;Del Libertador B. O'Higgins;Del Libertador B. O'Higgins;Libertador B. O'Higgins;Libertador B. O'Higgins;
Peralillo;364;6307;6307;6307;6;6;15;15;63;63;63;Colchagua;Colchagua;Colchagua;Del Libertador B. O'Higgins;Del Libertador B. O'Higgins;Libertador B. O'Higgins;Libertador B. O'Higgins;
Placilla;357;6308;6308;6308;6;6;15;15;63;63;63;Colchagua;Colchagua;Colchagua;Del Libertador B. O'Higgins;Del Libertador B. O'Higgins;Libertador B. O'Higgins;Libertador B. O'Higgins;
Pumanque;362;6309;6309;6309;6;6;15;15;63;63;63;Colchagua;Colchagua;Colchagua;Del Libertador B. O'Higgins;Del Libertador B. O'Higgins;Libertador B. O'Higgins;Libertador B. O'Higgins;
Santa Cruz;360;6310;6310;6310;6;6;15;15;63;63;63;Colchagua;Colchagua;Colchagua;Del Libertador B. O'Higgins;Del Libertador B. O'Higgins;Libertador B. O'Higgins;Libertador B. O'Higgins;
Talca;390;7101;7101;7101;7;7;16;16;71;71;71;Talca;Talca;Talca;Del Maule;Del Maule;Del Maule;Del Maule;
Constitución;397;7102;7102;7102;7;7;16;16;71;71;71;Talca;Talca;Talca;Del Maule;Del Maule;Del Maule;Del Maule;
Curepto;398;7103;7103;7103;7;7;16;16;71;71;71;Talca;Talca;Talca;Del Maule;Del Maule;Del Maule;Del Maule;
Empedrado;395;7104;7104;7104;7;7;16;16;71;71;71;Talca;Talca;Talca;Del Maule;Del Maule;Del Maule;Del Maule;
Maule;394;7105;7105;7105;7;7;16;16;71;71;71;Talca;Talca;Talca;Del Maule;Del Maule;Del Maule;Del Maule;
Pelarco;391;7106;7106;7106;7;7;16;16;71;71;71;Talca;Talca;Talca;Del Maule;Del Maule;Del Maule;Del Maule;
Pencahue;396;7107;7107;7107;7;7;16;16;71;71;71;Talca;Talca;Talca;Del Maule;Del Maule;Del Maule;Del Maule;
Río Claro;392;7108;7108;7108;7;7;16;16;71;71;71;Talca;Talca;Talca;Del Maule;Del Maule;Del Maule;Del Maule;
San Clemente;393;7109;7109;7109;7;7;16;16;71;71;71;Talca;Talca;Talca;Del Maule;Del Maule;Del Maule;Del Maule;
San Rafael;399;7110;7110;7110;7;7;16;16;71;71;71;Talca;Talca;Talca;Del Maule;Del Maule;Del Maule;Del Maule;
Cauquenes;410;7201;7201;7201;7;7;16;16;72;72;72;Cauquenes;Cauquenes;Cauquenes;Del Maule;Del Maule;Del Maule;Del Maule;
Chanco;412;7202;7202;7202;7;7;16;16;72;72;72;Cauquenes;Cauquenes;Cauquenes;Del Maule;Del Maule;Del Maule;Del Maule;
Pelluhue;411;7203;7203;7203;7;7;16;16;72;72;72;Cauquenes;Cauquenes;Cauquenes;Del Maule;Del Maule;Del Maule;Del Maule;
Curicó;380;7301;7301;7301;7;7;16;16;73;73;73;Curico;Curico;Curico;Del Maule;Del Maule;Del Maule;Del Maule;
Hualañé;385;7302;7302;7302;7;7;16;16;73;73;73;Curico;Curico;Curico;Del Maule;Del Maule;Del Maule;Del Maule;
Licantén;386;7303;7303;7303;7;7;16;16;73;73;73;Curico;Curico;Curico;Del Maule;Del Maule;Del Maule;Del Maule;
Molina;383;7304;7304;7304;7;7;16;16;73;73;73;Curico;Curico;Curico;Del Maule;Del Maule;Del Maule;Del Maule;
Rauco;388;7305;7305;7305;7;7;16;16;73;73;73;Curico;Curico;Curico;Del Maule;Del Maule;Del Maule;Del Maule;
Romeral;382;7306;7306;7306;7;7;16;16;73;73;73;Curico;Curico;Curico;Del Maule;Del Maule;Del Maule;Del Maule;
Sagrada Familia;384;7307;7307;7307;7;7;16;16;73;73;73;Curico;Curico;Curico;Del Maule;Del Maule;Del Maule;Del Maule;
Teno;381;7308;7308;7308;7;7;16;16;73;73;73;Curico;Curico;Curico;Del Maule;Del Maule;Del Maule;Del Maule;
Vichuquén;387;7309;7309;7309;7;7;16;16;73;73;73;Curico;Curico;Curico;Del Maule;Del Maule;Del Maule;Del Maule;
Linares;400;7401;7401;7401;7;7;16;16;74;74;74;Linares  ;Linares  ;Linares  ;Del Maule;Del Maule;Del Maule;Del Maule;
Colbún;402;7402;7402;7402;7;7;16;16;74;74;74;Linares  ;Linares  ;Linares  ;Del Maule;Del Maule;Del Maule;Del Maule;
Longaví;403;7403;7403;7403;7;7;16;16;74;74;74;Linares  ;Linares  ;Linares  ;Del Maule;Del Maule;Del Maule;Del Maule;
Parral;404;7404;7404;7404;7;7;16;16;74;74;74;Linares  ;Linares  ;Linares  ;Del Maule;Del Maule;Del Maule;Del Maule;
Retiro;405;7405;7405;7405;7;7;16;16;74;74;74;Linares  ;Linares  ;Linares  ;Del Maule;Del Maule;Del Maule;Del Maule;
San Javier;407;7406;7406;7406;7;7;16;16;74;74;74;Linares  ;Linares  ;Linares  ;Del Maule;Del Maule;Del Maule;Del Maule;
Villa Alegre;406;7407;7407;7407;7;7;16;16;74;74;74;Linares  ;Linares  ;Linares  ;Del Maule;Del Maule;Del Maule;Del Maule;
Yerbas Buenas;401;7408;7408;7408;7;7;16;16;74;74;74;Linares  ;Linares  ;Linares  ;Del Maule;Del Maule;Del Maule;Del Maule;
Concepción;455;8101;8101;8101;8;8;18;18;81;81;81;Concepción  ;Concepción  ;Concepción  ;Del Bíobío;Del Bíobío;Concepción;Concepción;
Coronel;463;8102;8102;8102;8;8;18;18;81;81;81;Concepción  ;Concepción  ;Concepción  ;Del Bíobío;Del Bíobío;Concepción;Concepción;
Chiguayante;474;8103;8103;8103;8;8;18;18;81;81;81;Concepción  ;Concepción  ;Concepción  ;Del Bíobío;Del Bíobío;Concepción;Concepción;
Florida;459;8104;8104;8104;8;8;18;18;81;81;81;Concepción  ;Concepción  ;Concepción  ;Del Bíobío;Del Bíobío;Concepción;Concepción;
Hualqui;460;8105;8105;8105;8;8;18;18;81;81;81;Concepción  ;Concepción  ;Concepción  ;Del Bíobío;Del Bíobío;Concepción;Concepción;
Lota;462;8106;8106;8106;8;8;18;18;81;81;81;Concepción  ;Concepción  ;Concepción  ;Del Bíobío;Del Bíobío;Concepción;Concepción;
Penco;457;8107;8107;8107;8;8;19;19;81;81;81;Concepción  ;Concepción  ;Concepción  ;Del Bíobío;Del Bíobío;Talcahuano;Talcahuano;
San Pedro de la Paz;464;8108;8108;8108;8;8;18;18;81;81;81;Concepción  ;Concepción  ;Concepción  ;Del Bíobío;Del Bíobío;Concepción;Concepción;
Santa Juana;461;8109;8109;8109;8;8;18;18;81;81;81;Concepción  ;Concepción  ;Concepción  ;Del Bíobío;Del Bíobío;Concepción;Concepción;
Talcahuano;456;8110;8110;8110;8;8;19;19;81;81;81;Concepción  ;Concepción  ;Concepción  ;Del Bíobío;Del Bíobío;Talcahuano;Talcahuano;
Tomé;458;8111;8111;8111;8;8;19;19;81;81;81;Concepción  ;Concepción  ;Concepción  ;Del Bíobío;Del Bíobío;Talcahuano;Talcahuano;
Hualpén;456;8112;8112;8112;8;8;19;19;81;81;81;Concepción  ;Concepción  ;Concepción  ;Del Bíobío;Del Bíobío;Talcahuano;Talcahuano;
Lebu;465;8201;8201;8201;8;8;28;28;82;82;82;Arauco;Arauco;Arauco;Del Bíobío;Del Bíobío;Arauco;Arauco;
Arauco;466;8202;8202;8202;8;8;28;28;82;82;82;Arauco;Arauco;Arauco;Del Bíobío;Del Bíobío;Arauco;Arauco;
Cañete;469;8203;8203;8203;8;8;28;28;82;82;82;Arauco;Arauco;Arauco;Del Bíobío;Del Bíobío;Arauco;Arauco;
Contulmo;470;8204;8204;8204;8;8;28;28;82;82;82;Arauco;Arauco;Arauco;Del Bíobío;Del Bíobío;Arauco;Arauco;
Curanilahue;467;8205;8205;8205;8;8;28;28;82;82;82;Arauco;Arauco;Arauco;Del Bíobío;Del Bíobío;Arauco;Arauco;
Los Álamos;468;8206;8206;8206;8;8;28;28;82;82;82;Arauco;Arauco;Arauco;Del Bíobío;Del Bíobío;Arauco;Arauco;
Tirúa;471;8207;8207;8207;8;8;28;28;82;82;82;Arauco;Arauco;Arauco;Del Bíobío;Del Bíobío;Arauco;Arauco;
Los Ángeles;440;8301;8301;8301;8;8;20;20;83;83;83;Bío- Bío;Bío- Bío;Bío- Bío;Del Bíobío;Del Bíobío;Bíobío;Bíobío;
Antuco;443;8302;8302;8302;8;8;20;20;83;83;83;Bío- Bío;Bío- Bío;Bío- Bío;Del Bíobío;Del Bíobío;Bíobío;Bíobío;
Cabrero;441;8303;8303;8303;8;8;20;20;83;83;83;Bío- Bío;Bío- Bío;Bío- Bío;Del Bíobío;Del Bíobío;Bíobío;Bíobío;
Laja;450;8304;8304;8304;8;8;20;20;83;83;83;Bío- Bío;Bío- Bío;Bío- Bío;Del Bíobío;Del Bíobío;Bíobío;Bíobío;
Mulchén;447;8305;8305;8305;8;8;20;20;83;83;83;Bío- Bío;Bío- Bío;Bío- Bío;Del Bíobío;Del Bíobío;Bíobío;Bíobío;
Nacimiento;449;8306;8306;8306;8;8;20;20;83;83;83;Bío- Bío;Bío- Bío;Bío- Bío;Del Bíobío;Del Bíobío;Bíobío;Bíobío;
Negrete;448;8307;8307;8307;8;8;20;20;83;83;83;Bío- Bío;Bío- Bío;Bío- Bío;Del Bíobío;Del Bíobío;Bíobío;Bíobío;
Quilaco;446;8308;8308;8308;8;8;20;20;83;83;83;Bío- Bío;Bío- Bío;Bío- Bío;Del Bíobío;Del Bíobío;Bíobío;Bíobío;
Quilleco;444;8309;8309;8309;8;8;20;20;83;83;83;Bío- Bío;Bío- Bío;Bío- Bío;Del Bíobío;Del Bíobío;Bíobío;Bíobío;
San Rosendo;451;8310;8310;8310;8;8;20;20;83;83;83;Bío- Bío;Bío- Bío;Bío- Bío;Del Bíobío;Del Bíobío;Bíobío;Bíobío;
Santa Bárbara;445;8311;8311;8311;8;8;20;20;83;83;83;Bío- Bío;Bío- Bío;Bío- Bío;Del Bíobío;Del Bíobío;Bíobío;Bíobío;
Tucapel;442;8312;8312;8312;8;8;20;20;83;83;83;Bío- Bío;Bío- Bío;Bío- Bío;Del Bíobío;Del Bíobío;Bíobío;Bíobío;
Yumbel;452;8313;8313;8313;8;8;20;20;83;83;83;Bío- Bío;Bío- Bío;Bío- Bío;Del Bíobío;Del Bíobío;Bíobío;Bíobío;
Alto Biobío;445;8314;8314;8314;8;8;20;20;83;83;83;Bío- Bío;Bío- Bío;Bío- Bío;Del Bíobío;Del Bíobío;Bíobío;Bíobío;
Chillán;415;8401;8401;8401;8;8;17;17;84;84;84;Ñuble;Ñuble;Ñuble;Del Bíobío;Del Bíobío;Ñuble;Ñuble;
Bulnes;425;8402;8402;8402;8;8;17;17;84;84;84;Ñuble;Ñuble;Ñuble;Del Bíobío;Del Bíobío;Ñuble;Ñuble;
Cobquecura;431;8403;8403;8403;8;8;17;17;84;84;84;Ñuble;Ñuble;Ñuble;Del Bíobío;Del Bíobío;Ñuble;Ñuble;
Coelemu;429;8404;8404;8404;8;8;17;17;84;84;84;Ñuble;Ñuble;Ñuble;Del Bíobío;Del Bíobío;Ñuble;Ñuble;
Coihueco;419;8405;8405;8405;8;8;17;17;84;84;84;Ñuble;Ñuble;Ñuble;Del Bíobío;Del Bíobío;Ñuble;Ñuble;
Chillán Viejo;435;8406;8406;8406;8;8;17;17;84;84;84;Ñuble;Ñuble;Ñuble;Del Bíobío;Del Bíobío;Ñuble;Ñuble;
El Carmen;422;8407;8407;8407;8;8;17;17;84;84;84;Ñuble;Ñuble;Ñuble;Del Bíobío;Del Bíobío;Ñuble;Ñuble;
Ninhue;433;8408;8408;8408;8;8;17;17;84;84;84;Ñuble;Ñuble;Ñuble;Del Bíobío;Del Bíobío;Ñuble;Ñuble;
Ñiquén;417;8409;8409;8409;8;8;17;17;84;84;84;Ñuble;Ñuble;Ñuble;Del Bíobío;Del Bíobío;Ñuble;Ñuble;
Pemuco;424;8410;8410;8410;8;8;17;17;84;84;84;Ñuble;Ñuble;Ñuble;Del Bíobío;Del Bíobío;Ñuble;Ñuble;
Pinto;420;8411;8411;8411;8;8;17;17;84;84;84;Ñuble;Ñuble;Ñuble;Del Bíobío;Del Bíobío;Ñuble;Ñuble;
Portezuelo;428;8412;8412;8412;8;8;17;17;84;84;84;Ñuble;Ñuble;Ñuble;Del Bíobío;Del Bíobío;Ñuble;Ñuble;
Quillón;426;8413;8413;8413;8;8;17;17;84;84;84;Ñuble;Ñuble;Ñuble;Del Bíobío;Del Bíobío;Ñuble;Ñuble;
Quirihue;432;8414;8414;8414;8;8;17;17;84;84;84;Ñuble;Ñuble;Ñuble;Del Bíobío;Del Bíobío;Ñuble;Ñuble;
Ránquil;427;8415;8415;8415;8;8;17;17;84;84;84;Ñuble;Ñuble;Ñuble;Del Bíobío;Del Bíobío;Ñuble;Ñuble;
San Carlos;416;8416;8416;8416;8;8;17;17;84;84;84;Ñuble;Ñuble;Ñuble;Del Bíobío;Del Bíobío;Ñuble;Ñuble;
San Fabián;418;8417;8417;8417;8;8;17;17;84;84;84;Ñuble;Ñuble;Ñuble;Del Bíobío;Del Bíobío;Ñuble;Ñuble;
San Ignacio;421;8418;8418;8418;8;8;17;17;84;84;84;Ñuble;Ñuble;Ñuble;Del Bíobío;Del Bíobío;Ñuble;Ñuble;
San Nicolás;434;8419;8419;8419;8;8;17;17;84;84;84;Ñuble;Ñuble;Ñuble;Del Bíobío;Del Bíobío;Ñuble;Ñuble;
Treguaco;430;8420;8420;8420;8;8;17;17;84;84;84;Ñuble;Ñuble;Ñuble;Del Bíobío;Del Bíobío;Ñuble;Ñuble;
Yungay;423;8421;8421;8421;8;8;17;17;84;84;84;Ñuble;Ñuble;Ñuble;Del Bíobío;Del Bíobío;Ñuble;Ñuble;
Temuco;490;9101;9101;9101;9;9;21;21;91;91;91;Cautín;Cautín;Cautín;De La Araucanía;De La Araucanía;Araucanía Sur;Araucanía Sur;
Carahue;506;9102;9102;9102;9;9;21;21;91;91;91;Cautín;Cautín;Cautín;De La Araucanía;De La Araucanía;Araucanía Sur;Araucanía Sur;
Cunco;494;9103;9103;9103;9;9;21;21;91;91;91;Cautín;Cautín;Cautín;De La Araucanía;De La Araucanía;Araucanía Sur;Araucanía Sur;
Curarrehue;496;9104;9104;9104;9;9;21;21;91;91;91;Cautín;Cautín;Cautín;De La Araucanía;De La Araucanía;Araucanía Sur;Araucanía Sur;
Freire;499;9105;9105;9105;9;9;21;21;91;91;91;Cautín;Cautín;Cautín;De La Araucanía;De La Araucanía;Araucanía Sur;Araucanía Sur;
Galvarino;508;9106;9106;9106;9;9;21;21;91;91;91;Cautín;Cautín;Cautín;De La Araucanía;De La Araucanía;Araucanía Sur;Araucanía Sur;
Gorbea;501;9107;9107;9107;9;9;21;21;91;91;91;Cautín;Cautín;Cautín;De La Araucanía;De La Araucanía;Araucanía Sur;Araucanía Sur;
Lautaro;491;9108;9108;9108;9;9;21;21;91;91;91;Cautín;Cautín;Cautín;De La Araucanía;De La Araucanía;Araucanía Sur;Araucanía Sur;
Loncoche;502;9109;9109;9109;9;9;21;21;91;91;91;Cautín;Cautín;Cautín;De La Araucanía;De La Araucanía;Araucanía Sur;Araucanía Sur;
Melipeuco;495;9110;9110;9110;9;9;21;21;91;91;91;Cautín;Cautín;Cautín;De La Araucanía;De La Araucanía;Araucanía Sur;Araucanía Sur;
Nueva Imperial;507;9111;9111;9111;9;9;21;21;91;91;91;Cautín;Cautín;Cautín;De La Araucanía;De La Araucanía;Araucanía Sur;Araucanía Sur;
Padre Las Casas;509;9112;9112;9112;9;9;21;21;91;91;91;Cautín;Cautín;Cautín;De La Araucanía;De La Araucanía;Araucanía Sur;Araucanía Sur;
Perquenco;492;9113;9113;9113;9;9;21;21;91;91;91;Cautín;Cautín;Cautín;De La Araucanía;De La Araucanía;Araucanía Sur;Araucanía Sur;
Pitrufquén;500;9114;9114;9114;9;9;21;21;91;91;91;Cautín;Cautín;Cautín;De La Araucanía;De La Araucanía;Araucanía Sur;Araucanía Sur;
Pucón;497;9115;9115;9115;9;9;21;21;91;91;91;Cautín;Cautín;Cautín;De La Araucanía;De La Araucanía;Araucanía Sur;Araucanía Sur;
Saavedra;505;9116;9116;9116;9;9;21;21;91;91;91;Cautín;Cautín;Cautín;De La Araucanía;De La Araucanía;Araucanía Sur;Araucanía Sur;
Teodoro Schmidt;504;9117;9117;9117;9;9;21;21;91;91;91;Cautín;Cautín;Cautín;De La Araucanía;De La Araucanía;Araucanía Sur;Araucanía Sur;
Toltén;503;9118;9118;9118;9;9;21;21;91;91;91;Cautín;Cautín;Cautín;De La Araucanía;De La Araucanía;Araucanía Sur;Araucanía Sur;
Vilcún;493;9119;9119;9119;9;9;21;21;91;91;91;Cautín;Cautín;Cautín;De La Araucanía;De La Araucanía;Araucanía Sur;Araucanía Sur;
Villarrica;498;9120;9120;9120;9;9;21;21;91;91;91;Cautín;Cautín;Cautín;De La Araucanía;De La Araucanía;Araucanía Sur;Araucanía Sur;
Cholchol;507;9121;9121;9121;9;9;21;21;91;91;91;Cautín;Cautín;Cautín;De La Araucanía;De La Araucanía;Araucanía Sur;Araucanía Sur;
Angol;475;9201;9201;9201;9;9;29;29;92;92;92;Malleco;Malleco;Malleco;De La Araucanía;De La Araucanía;Araucanía Norte;Araucanía Norte;
Collipulli;477;9202;9202;9202;9;9;29;29;92;92;92;Malleco;Malleco;Malleco;De La Araucanía;De La Araucanía;Araucanía Norte;Araucanía Norte;
Curacautín;479;9203;9203;9203;9;9;29;29;92;92;92;Malleco;Malleco;Malleco;De La Araucanía;De La Araucanía;Araucanía Norte;Araucanía Norte;
Ercilla;480;9204;9204;9204;9;9;29;29;92;92;92;Malleco;Malleco;Malleco;De La Araucanía;De La Araucanía;Araucanía Norte;Araucanía Norte;
Lonquimay;478;9205;9205;9205;9;9;29;29;92;92;92;Malleco;Malleco;Malleco;De La Araucanía;De La Araucanía;Araucanía Norte;Araucanía Norte;
Los Sauces;485;9206;9206;9206;9;9;29;29;92;92;92;Malleco;Malleco;Malleco;De La Araucanía;De La Araucanía;Araucanía Norte;Araucanía Norte;
Lumaco;483;9207;9207;9207;9;9;29;29;92;92;92;Malleco;Malleco;Malleco;De La Araucanía;De La Araucanía;Araucanía Norte;Araucanía Norte;
Purén;484;9208;9208;9208;9;9;29;29;92;92;92;Malleco;Malleco;Malleco;De La Araucanía;De La Araucanía;Araucanía Norte;Araucanía Norte;
Renaico;476;9209;9209;9209;9;9;29;29;92;92;92;Malleco;Malleco;Malleco;De La Araucanía;De La Araucanía;Araucanía Norte;Araucanía Norte;
Traiguén;482;9210;9210;9210;9;9;29;29;92;92;92;Malleco;Malleco;Malleco;De La Araucanía;De La Araucanía;Araucanía Norte;Araucanía Norte;
Victoria;481;9211;9211;9211;9;9;29;29;92;92;92;Malleco;Malleco;Malleco;De La Araucanía;De La Araucanía;Araucanía Norte;Araucanía Norte;
Valdivia;510;10501;14101;14101;10;14;22;22;105;141;141;Valdivia  ;Valdivia  ;Valdivia  ;De Los Lagos;De Los Ríos;Valdivia;Valdivia;
Corral;515;10502;14102;14102;10;14;22;22;105;141;141;Valdivia  ;Valdivia  ;Valdivia  ;De Los Lagos;De Los Ríos;Valdivia;Valdivia;
Futrono;514;10503;14202;14202;10;14;22;22;105;142;142;Valdivia  ;Ranco;Ranco;De Los Lagos;De Los Ríos;Valdivia;Valdivia;
La Unión;518;10504;14201;14201;10;14;22;22;105;142;142;Valdivia  ;Ranco;Ranco;De Los Lagos;De Los Ríos;Valdivia;Valdivia;
Lago Ranco;521;10505;14203;14203;10;14;22;22;105;142;142;Valdivia  ;Ranco;Ranco;De Los Lagos;De Los Ríos;Valdivia;Valdivia;
Lanco;512;10506;14103;14103;10;14;22;22;105;141;141;Valdivia  ;Valdivia  ;Valdivia  ;De Los Lagos;De Los Ríos;Valdivia;Valdivia;
Los Lagos;513;10507;14104;14104;10;14;22;22;105;141;141;Valdivia  ;Valdivia  ;Valdivia  ;De Los Lagos;De Los Ríos;Valdivia;Valdivia;
Máfil;516;10508;14105;14105;10;14;22;22;105;141;141;Valdivia  ;Valdivia  ;Valdivia  ;De Los Lagos;De Los Ríos;Valdivia;Valdivia;
Mariquina;511;10509;14106;14106;10;14;22;22;105;141;141;Valdivia  ;Valdivia  ;Valdivia  ;De Los Lagos;De Los Ríos;Valdivia;Valdivia;
Paillaco;519;10510;14107;14107;10;14;22;22;105;141;141;Valdivia  ;Valdivia  ;Valdivia  ;De Los Lagos;De Los Ríos;Valdivia;Valdivia;
Panguipulli;517;10511;14108;14108;10;14;22;22;105;141;141;Valdivia  ;Valdivia  ;Valdivia  ;De Los Lagos;De Los Ríos;Valdivia;Valdivia;
Río Bueno;520;10512;14204;14204;10;14;22;22;105;142;142;Valdivia  ;Ranco;Ranco;De Los Lagos;De Los Ríos;Valdivia;Valdivia;
Puerto Montt;535;10101;10101;10101;10;10;24;24;101;101;101;Llanquihue;Llanquihue;Llanquihue;De Los Lagos;De Los Lagos; Llanquihue; Chiloé y Palena;Del Reloncaví
Calbuco;538;10102;10102;10102;10;10;24;24;101;101;101;Llanquihue;Llanquihue;Llanquihue;De Los Lagos;De Los Lagos; Llanquihue; Chiloé y Palena;Del Reloncaví
Cochamó;537;10103;10103;10103;10;10;24;24;101;101;101;Llanquihue;Llanquihue;Llanquihue;De Los Lagos;De Los Lagos; Llanquihue; Chiloé y Palena;Del Reloncaví
Fresia;541;10104;10104;10104;10;10;24;24;101;101;101;Llanquihue;Llanquihue;Llanquihue;De Los Lagos;De Los Lagos; Llanquihue; Chiloé y Palena;Del Reloncaví
Frutillar;543;10105;10105;10105;10;10;24;24;101;101;101;Llanquihue;Llanquihue;Llanquihue;De Los Lagos;De Los Lagos; Llanquihue; Chiloé y Palena;Del Reloncaví
Los Muermos;540;10106;10106;10106;10;10;24;24;101;101;101;Llanquihue;Llanquihue;Llanquihue;De Los Lagos;De Los Lagos; Llanquihue; Chiloé y Palena;Del Reloncaví
Llanquihue;542;10107;10107;10107;10;10;24;24;101;101;101;Llanquihue;Llanquihue;Llanquihue;De Los Lagos;De Los Lagos; Llanquihue; Chiloé y Palena;Del Reloncaví
Maullín;539;10108;10108;10108;10;10;24;24;101;101;101;Llanquihue;Llanquihue;Llanquihue;De Los Lagos;De Los Lagos; Llanquihue; Chiloé y Palena;Del Reloncaví
Puerto Varas;536;10109;10109;10109;10;10;24;24;101;101;101;Llanquihue;Llanquihue;Llanquihue;De Los Lagos;De Los Lagos; Llanquihue; Chiloé y Palena;Del Reloncaví
Castro;545;10201;10201;10201;10;10;24;33;102;102;102;Chiloe;Chiloe;Chiloe;De Los Lagos;De Los Lagos; Llanquihue; Chiloé y Palena;Chiloé
Ancud;546;10202;10202;10202;10;10;24;33;102;102;102;Chiloe;Chiloe;Chiloe;De Los Lagos;De Los Lagos; Llanquihue; Chiloé y Palena;Chiloé
Chonchi;552;10203;10203;10203;10;10;24;33;102;102;102;Chiloe;Chiloe;Chiloe;De Los Lagos;De Los Lagos; Llanquihue; Chiloé y Palena;Chiloé
Curaco de Vélez;549;10204;10204;10204;10;10;24;33;102;102;102;Chiloe;Chiloe;Chiloe;De Los Lagos;De Los Lagos; Llanquihue; Chiloé y Palena;Chiloé
Dalcahue;548;10205;10205;10205;10;10;24;33;102;102;102;Chiloe;Chiloe;Chiloe;De Los Lagos;De Los Lagos; Llanquihue; Chiloé y Palena;Chiloé
Puqueldón;551;10206;10206;10206;10;10;24;33;102;102;102;Chiloe;Chiloe;Chiloe;De Los Lagos;De Los Lagos; Llanquihue; Chiloé y Palena;Chiloé
Queilén;553;10207;10207;10207;10;10;24;33;102;102;102;Chiloe;Chiloe;Chiloe;De Los Lagos;De Los Lagos; Llanquihue; Chiloé y Palena;Chiloé
Quellón;554;10208;10208;10208;10;10;24;33;102;102;102;Chiloe;Chiloe;Chiloe;De Los Lagos;De Los Lagos; Llanquihue; Chiloé y Palena;Chiloé
Quemchi;547;10209;10209;10209;10;10;24;33;102;102;102;Chiloe;Chiloe;Chiloe;De Los Lagos;De Los Lagos; Llanquihue; Chiloé y Palena;Chiloé
Quinchao;550;10210;10210;10210;10;10;24;33;102;102;102;Chiloe;Chiloe;Chiloe;De Los Lagos;De Los Lagos; Llanquihue; Chiloé y Palena;Chiloé
Osorno;525;10301;10301;10301;10;10;23;23;103;103;103;Osorno  ;Osorno  ;Osorno  ;De Los Lagos;De Los Lagos;Osorno;Osorno;
Puerto Octay;528;10302;10302;10302;10;10;23;23;103;103;103;Osorno  ;Osorno  ;Osorno  ;De Los Lagos;De Los Lagos;Osorno;Osorno;
Purranque;529;10303;10303;10303;10;10;23;23;103;103;103;Osorno  ;Osorno  ;Osorno  ;De Los Lagos;De Los Lagos;Osorno;Osorno;
Puyehue;527;10304;10304;10304;10;10;23;23;103;103;103;Osorno  ;Osorno  ;Osorno  ;De Los Lagos;De Los Lagos;Osorno;Osorno;
Río Negro;530;10305;10305;10305;10;10;23;23;103;103;103;Osorno  ;Osorno  ;Osorno  ;De Los Lagos;De Los Lagos;Osorno;Osorno;
San Juan de la Costa;531;10306;10306;10306;10;10;23;23;103;103;103;Osorno  ;Osorno  ;Osorno  ;De Los Lagos;De Los Lagos;Osorno;Osorno;
San Pablo;526;10307;10307;10307;10;10;23;23;103;103;103;Osorno  ;Osorno  ;Osorno  ;De Los Lagos;De Los Lagos;Osorno;Osorno;
Chaitén;560;10401;10401;10401;10;10;24;24;104;104;104;Palena;Palena;Palena;De Los Lagos;De Los Lagos; Llanquihue; Chiloé y Palena;Del Reloncaví
Futaleufú;562;10402;10402;10402;10;10;24;24;104;104;104;Palena;Palena;Palena;De Los Lagos;De Los Lagos; Llanquihue; Chiloé y Palena;Del Reloncaví
Hualaihué;561;10403;10403;10403;10;10;24;24;104;104;104;Palena;Palena;Palena;De Los Lagos;De Los Lagos; Llanquihue; Chiloé y Palena;Del Reloncaví
Palena;563;10404;10404;10404;10;10;24;24;104;104;104;Palena;Palena;Palena;De Los Lagos;De Los Lagos; Llanquihue; Chiloé y Palena;Del Reloncaví
Coihaique;565;11101;11101;11101;11;11;25;25;111;111;111;Coihaique  ;Coihaique  ;Coihaique  ;De Aisén del Gral. C. Ibáñez del Campo;De Aisén del Gral. C. Ibáñez del Campo;Aisén;Aisén;
Lago Verde;566;11102;11102;11102;11;11;25;25;111;111;111;Coihaique  ;Coihaique  ;Coihaique  ;De Aisén del Gral. C. Ibáñez del Campo;De Aisén del Gral. C. Ibáñez del Campo;Aisén;Aisén;
Aisén;570;11201;11201;11201;11;11;25;25;112;112;112;Aisén  ;Aisén  ;Aisén  ;De Aisén del Gral. C. Ibáñez del Campo;De Aisén del Gral. C. Ibáñez del Campo;Aisén;Aisén;
Cisnes;571;11202;11202;11202;11;11;25;25;112;112;112;Aisén  ;Aisén  ;Aisén  ;De Aisén del Gral. C. Ibáñez del Campo;De Aisén del Gral. C. Ibáñez del Campo;Aisén;Aisén;
Guaitecas;572;11203;11203;11203;11;11;25;25;112;112;112;Aisén  ;Aisén  ;Aisén  ;De Aisén del Gral. C. Ibáñez del Campo;De Aisén del Gral. C. Ibáñez del Campo;Aisén;Aisén;
Cochrane;580;11301;11301;11301;11;11;25;25;113;113;113;Capitan Prat;Capitan Prat;Capitan Prat;De Aisén del Gral. C. Ibáñez del Campo;De Aisén del Gral. C. Ibáñez del Campo;Aisén;Aisén;
O'Higgins;581;11302;11302;11302;11;11;25;25;113;113;113;Capitan Prat;Capitan Prat;Capitan Prat;De Aisén del Gral. C. Ibáñez del Campo;De Aisén del Gral. C. Ibáñez del Campo;Aisén;Aisén;
Tortel;582;11303;11303;11303;11;11;25;25;113;113;113;Capitan Prat;Capitan Prat;Capitan Prat;De Aisén del Gral. C. Ibáñez del Campo;De Aisén del Gral. C. Ibáñez del Campo;Aisén;Aisén;
Chile Chico;575;11401;11401;11401;11;11;25;25;114;114;114;General Carrera;General Carrera;General Carrera;De Aisén del Gral. C. Ibáñez del Campo;De Aisén del Gral. C. Ibáñez del Campo;Aisén;Aisén;
Río Ibáñez;576;11402;11402;11402;11;11;25;25;114;114;114;General Carrera;General Carrera;General Carrera;De Aisén del Gral. C. Ibáñez del Campo;De Aisén del Gral. C. Ibáñez del Campo;Aisén;Aisén;
Punta Arenas;590;12101;12101;12101;12;12;26;26;121;121;121;Magallanes;Magallanes;Magallanes;De Magallanes y de La Antártica Chilena;De Magallanes y de La Antártica Chilena;Magallanes;Magallanes;
Laguna Blanca;592;12102;12102;12102;12;12;26;26;121;121;121;Magallanes;Magallanes;Magallanes;De Magallanes y de La Antártica Chilena;De Magallanes y de La Antártica Chilena;Magallanes;Magallanes;
Río Verde;591;12103;12103;12103;12;12;26;26;121;121;121;Magallanes;Magallanes;Magallanes;De Magallanes y de La Antártica Chilena;De Magallanes y de La Antártica Chilena;Magallanes;Magallanes;
San Gregorio;593;12104;12104;12104;12;12;26;26;121;121;121;Magallanes;Magallanes;Magallanes;De Magallanes y de La Antártica Chilena;De Magallanes y de La Antártica Chilena;Magallanes;Magallanes;
Cabo de Hornos;600;12201;12201;12201;12;12;26;26;122;122;122;Antártica Chilena;Antártica Chilena;Antártica Chilena;De Magallanes y de La Antártica Chilena;De Magallanes y de La Antártica Chilena;Magallanes;Magallanes;
Antártica;601;12202;12202;12202;12;12;26;26;122;122;122;Antártica Chilena;Antártica Chilena;Antártica Chilena;De Magallanes y de La Antártica Chilena;De Magallanes y de La Antártica Chilena;Magallanes;Magallanes;
Porvenir;595;12301;12301;12301;12;12;26;26;123;123;123;Tierra del Fuego;Tierra del Fuego;Tierra del Fuego;De Magallanes y de La Antártica Chilena;De Magallanes y de La Antártica Chilena;Magallanes;Magallanes;
Primavera;596;12302;12302;12302;12;12;26;26;123;123;123;Tierra del Fuego;Tierra del Fuego;Tierra del Fuego;De Magallanes y de La Antártica Chilena;De Magallanes y de La Antártica Chilena;Magallanes;Magallanes;
Timaukel;597;12303;12303;12303;12;12;26;26;123;123;123;Tierra del Fuego;Tierra del Fuego;Tierra del Fuego;De Magallanes y de La Antártica Chilena;De Magallanes y de La Antártica Chilena;Magallanes;Magallanes;
Natales;585;12401;12401;12401;12;12;26;26;124;124;124;Ultima Esperanza;Ultima Esperanza;Ultima Esperanza;De Magallanes y de La Antártica Chilena;De Magallanes y de La Antártica Chilena;Magallanes;Magallanes;
Torres del Paine;586;12402;12402;12402;12;12;26;26;124;124;124;Ultima Esperanza;Ultima Esperanza;Ultima Esperanza;De Magallanes y de La Antártica Chilena;De Magallanes y de La Antártica Chilena;Magallanes;Magallanes;
Santiago;605;13101;13101;13101;13;13;11;11;131;131;131;Santiago  ;Santiago  ;Santiago  ;Metropolitana de Santiago;Metropolitana de Santiago;Metropolitano Central;Metropolitano Central;
Cerrillos;629;13102;13102;13102;13;13;11;11;131;131;131;Santiago  ;Santiago  ;Santiago  ;Metropolitana de Santiago;Metropolitana de Santiago;Metropolitano Central;Metropolitano Central;
Cerro Navia;634;13103;13103;13103;13;13;10;10;131;131;131;Santiago  ;Santiago  ;Santiago  ;Metropolitana de Santiago;Metropolitana de Santiago;Metropolitano Occidente;Metropolitano Occidente;
Conchalí;607;13104;13104;13104;13;13;9;9;131;131;131;Santiago  ;Santiago  ;Santiago  ;Metropolitana de Santiago;Metropolitana de Santiago;Metropolitano Norte;Metropolitano Norte;
El Bosque;625;13105;13105;13105;13;13;13;13;131;131;131;Santiago  ;Santiago  ;Santiago  ;Metropolitana de Santiago;Metropolitana de Santiago;Metropolitano Sur;Metropolitano Sur;
Estación Central;628;13106;13106;13106;13;13;11;11;131;131;131;Santiago  ;Santiago  ;Santiago  ;Metropolitana de Santiago;Metropolitana de Santiago;Metropolitano Central;Metropolitano Central;
Huechuraba;608;13107;13107;13107;13;13;9;9;131;131;131;Santiago  ;Santiago  ;Santiago  ;Metropolitana de Santiago;Metropolitana de Santiago;Metropolitano Norte;Metropolitano Norte;
Independencia;606;13108;13108;13108;13;13;9;9;131;131;131;Santiago  ;Santiago  ;Santiago  ;Metropolitana de Santiago;Metropolitana de Santiago;Metropolitano Norte;Metropolitano Norte;
La Cisterna;624;13109;13109;13109;13;13;13;13;131;131;131;Santiago  ;Santiago  ;Santiago  ;Metropolitana de Santiago;Metropolitana de Santiago;Metropolitano Sur;Metropolitano Sur;
La Florida;618;13110;13110;13110;13;13;14;14;131;131;131;Santiago  ;Santiago  ;Santiago  ;Metropolitana de Santiago;Metropolitana de Santiago;Metropolitano Suroriente;Metropolitano Suroriente;
La Granja;620;13111;13111;13111;13;13;14;14;131;131;131;Santiago  ;Santiago  ;Santiago  ;Metropolitana de Santiago;Metropolitana de Santiago;Metropolitano Suroriente;Metropolitano Suroriente;
La Pintana;621;13112;13112;13112;13;13;14;14;131;131;131;Santiago  ;Santiago  ;Santiago  ;Metropolitana de Santiago;Metropolitana de Santiago;Metropolitano Suroriente;Metropolitano Suroriente;
La Reina;615;13113;13113;13113;13;13;12;12;131;131;131;Santiago  ;Santiago  ;Santiago  ;Metropolitana de Santiago;Metropolitana de Santiago;Metropolitano Oriente;Metropolitano Oriente;
Las Condes;613;13114;13114;13114;13;13;12;12;131;131;131;Santiago  ;Santiago  ;Santiago  ;Metropolitana de Santiago;Metropolitana de Santiago;Metropolitano Oriente;Metropolitano Oriente;
Lo Barnechea;612;13115;13115;13115;13;13;12;12;131;131;131;Santiago  ;Santiago  ;Santiago  ;Metropolitana de Santiago;Metropolitana de Santiago;Metropolitano Oriente;Metropolitano Oriente;
Lo Espejo;627;13116;13116;13116;13;13;13;13;131;131;131;Santiago  ;Santiago  ;Santiago  ;Metropolitana de Santiago;Metropolitana de Santiago;Metropolitano Sur;Metropolitano Sur;
Lo Prado;632;13117;13117;13117;13;13;10;10;131;131;131;Santiago  ;Santiago  ;Santiago  ;Metropolitana de Santiago;Metropolitana de Santiago;Metropolitano Occidente;Metropolitano Occidente;
Macul;616;13118;13118;13118;13;13;12;12;131;131;131;Santiago  ;Santiago  ;Santiago  ;Metropolitana de Santiago;Metropolitana de Santiago;Metropolitano Oriente;Metropolitano Oriente;
Maipú;630;13119;13119;13119;13;13;11;11;131;131;131;Santiago  ;Santiago  ;Santiago  ;Metropolitana de Santiago;Metropolitana de Santiago;Metropolitano Central;Metropolitano Central;
Ñuñoa;614;13120;13120;13120;13;13;12;12;131;131;131;Santiago  ;Santiago  ;Santiago  ;Metropolitana de Santiago;Metropolitana de Santiago;Metropolitano Oriente;Metropolitano Oriente;
Pedro Aguirre Cerda;626;13121;13121;13121;13;13;13;13;131;131;131;Santiago  ;Santiago  ;Santiago  ;Metropolitana de Santiago;Metropolitana de Santiago;Metropolitano Sur;Metropolitano Sur;
Peñalolén;617;13122;13122;13122;13;13;12;12;131;131;131;Santiago  ;Santiago  ;Santiago  ;Metropolitana de Santiago;Metropolitana de Santiago;Metropolitano Oriente;Metropolitano Oriente;
Providencia;610;13123;13123;13123;13;13;12;12;131;131;131;Santiago  ;Santiago  ;Santiago  ;Metropolitana de Santiago;Metropolitana de Santiago;Metropolitano Oriente;Metropolitano Oriente;
Pudahuel;633;13124;13124;13124;13;13;10;10;131;131;131;Santiago  ;Santiago  ;Santiago  ;Metropolitana de Santiago;Metropolitana de Santiago;Metropolitano Occidente;Metropolitano Occidente;
Quilicura;636;13125;13125;13125;13;13;9;9;131;131;131;Santiago  ;Santiago  ;Santiago  ;Metropolitana de Santiago;Metropolitana de Santiago;Metropolitano Norte;Metropolitano Norte;
Quinta Normal;631;13126;13126;13126;13;13;10;10;131;131;131;Santiago  ;Santiago  ;Santiago  ;Metropolitana de Santiago;Metropolitana de Santiago;Metropolitano Occidente;Metropolitano Occidente;
Recoleta;609;13127;13127;13127;13;13;9;9;131;131;131;Santiago  ;Santiago  ;Santiago  ;Metropolitana de Santiago;Metropolitana de Santiago;Metropolitano Norte;Metropolitano Norte;
Renca;635;13128;13128;13128;13;13;10;10;131;131;131;Santiago  ;Santiago  ;Santiago  ;Metropolitana de Santiago;Metropolitana de Santiago;Metropolitano Occidente;Metropolitano Occidente;
San Joaquín;619;13129;13129;13129;13;13;13;13;131;131;131;Santiago  ;Santiago  ;Santiago  ;Metropolitana de Santiago;Metropolitana de Santiago;Metropolitano Sur;Metropolitano Sur;
San Miguel;623;13130;13130;13130;13;13;13;13;131;131;131;Santiago  ;Santiago  ;Santiago  ;Metropolitana de Santiago;Metropolitana de Santiago;Metropolitano Sur;Metropolitano Sur;
San Ramón;622;13131;13131;13131;13;13;14;14;131;131;131;Santiago  ;Santiago  ;Santiago  ;Metropolitana de Santiago;Metropolitana de Santiago;Metropolitano Suroriente;Metropolitano Suroriente;
Vitacura;611;13132;13132;13132;13;13;12;12;131;131;131;Santiago  ;Santiago  ;Santiago  ;Metropolitana de Santiago;Metropolitana de Santiago;Metropolitano Oriente;Metropolitano Oriente;
Puente Alto;645;13201;13201;13201;13;13;14;14;132;132;132;Cordillera;Cordillera;Cordillera;Metropolitana de Santiago;Metropolitana de Santiago;Metropolitano Suroriente;Metropolitano Suroriente;
Pirque;647;13202;13202;13202;13;13;14;14;132;132;132;Cordillera;Cordillera;Cordillera;Metropolitana de Santiago;Metropolitana de Santiago;Metropolitano Suroriente;Metropolitano Suroriente;
San José de Maipo;646;13203;13203;13203;13;13;14;14;132;132;132;Cordillera;Cordillera;Cordillera;Metropolitana de Santiago;Metropolitana de Santiago;Metropolitano Suroriente;Metropolitano Suroriente;
Colina;640;13301;13301;13301;13;13;9;9;133;133;133;Chacabuco;Chacabuco;Chacabuco;Metropolitana de Santiago;Metropolitana de Santiago;Metropolitano Norte;Metropolitano Norte;
Lampa;641;13302;13302;13302;13;13;9;9;133;133;133;Chacabuco;Chacabuco;Chacabuco;Metropolitana de Santiago;Metropolitana de Santiago;Metropolitano Norte;Metropolitano Norte;
Tiltil;642;13303;13303;13303;13;13;9;9;133;133;133;Chacabuco;Chacabuco;Chacabuco;Metropolitana de Santiago;Metropolitana de Santiago;Metropolitano Norte;Metropolitano Norte;
San Bernardo;650;13401;13401;13401;13;13;13;13;134;134;134;Maipo;Maipo;Maipo;Metropolitana de Santiago;Metropolitana de Santiago;Metropolitano Sur;Metropolitano Sur;
Buin;651;13402;13402;13402;13;13;13;13;134;134;134;Maipo;Maipo;Maipo;Metropolitana de Santiago;Metropolitana de Santiago;Metropolitano Sur;Metropolitano Sur;
Calera de Tango;653;13403;13403;13403;13;13;13;13;134;134;134;Maipo;Maipo;Maipo;Metropolitana de Santiago;Metropolitana de Santiago;Metropolitano Sur;Metropolitano Sur;
Paine;652;13404;13404;13404;13;13;13;13;134;134;134;Maipo;Maipo;Maipo;Metropolitana de Santiago;Metropolitana de Santiago;Metropolitano Sur;Metropolitano Sur;
Melipilla;660;13501;13501;13501;13;13;10;10;135;135;135;Melipilla;Melipilla;Melipilla;Metropolitana de Santiago;Metropolitana de Santiago;Metropolitano Occidente;Metropolitano Occidente;
Alhué;663;13502;13502;13502;13;13;10;10;135;135;135;Melipilla;Melipilla;Melipilla;Metropolitana de Santiago;Metropolitana de Santiago;Metropolitano Occidente;Metropolitano Occidente;
Curacaví;662;13503;13503;13503;13;13;10;10;135;135;135;Melipilla;Melipilla;Melipilla;Metropolitana de Santiago;Metropolitana de Santiago;Metropolitano Occidente;Metropolitano Occidente;
María Pinto;661;13504;13504;13504;13;13;10;10;135;135;135;Melipilla;Melipilla;Melipilla;Metropolitana de Santiago;Metropolitana de Santiago;Metropolitano Occidente;Metropolitano Occidente;
San Pedro;664;13505;13505;13505;13;13;10;10;135;135;135;Melipilla;Melipilla;Melipilla;Metropolitana de Santiago;Metropolitana de Santiago;Metropolitano Occidente;Metropolitano Occidente;
Talagante;670;13601;13601;13601;13;13;10;10;136;136;136;Talagante  ;Talagante  ;Talagante  ;Metropolitana de Santiago;Metropolitana de Santiago;Metropolitano Occidente;Metropolitano Occidente;
El Monte;673;13602;13602;13602;13;13;10;10;136;136;136;Talagante  ;Talagante  ;Talagante  ;Metropolitana de Santiago;Metropolitana de Santiago;Metropolitano Occidente;Metropolitano Occidente;
Isla de Maipo;672;13603;13603;13603;13;13;10;10;136;136;136;Talagante  ;Talagante  ;Talagante  ;Metropolitana de Santiago;Metropolitana de Santiago;Metropolitano Occidente;Metropolitano Occidente;
Padre Hurtado;674;13604;13604;13604;13;13;10;10;136;136;136;Talagante  ;Talagante  ;Talagante  ;Metropolitana de Santiago;Metropolitana de Santiago;Metropolitano Occidente;Metropolitano Occidente;
Peñaflor;671;13605;13605;13605;13;13;10;10;136;136;136;Talagante  ;Talagante  ;Talagante  ;Metropolitana de Santiago;Metropolitana de Santiago;Metropolitano Occidente;Metropolitano Occidente;
